{
    "hero": {
        "greeting":"Welcome",
        "intro":"Hi I'am AZ. I suck at writing but i am great at snapping",
        "img_profile":"https://lh3.googleusercontent.com/zfSm2--8qeuarb6EvGjDxJU1Ocdgp-7mXnKEmyhEkemKHi9RQBSjOZ_laaSLFdJtGiF5dDgfitRaDMLJKsHbPhx8Dtg",
        "img_background": "https://lh3.googleusercontent.com/gfzXeUtx6wV7_tmCSqaxvEI9bMkgpazn6GeNn8EveARCEs7BtkU_YtxqtxZc0mK9e1jVfJatgkORoAFADGz0mocI"
        
    },
    
    "projects":{
        "header":"My Gallery",
        "subheader":"Take a look! "
        
    },
    "service": {
        "list":[
            {"name": "Potrait", "image":"", "desc":"" }
        ]
    }
}